<?xml version="1.0"?>
<metacity_theme>
<info>
  <name>Frankula Zone</name>
  <author>Frankula</author>
  <copyright>Original WindowBlinds Theme by Essorant</copyright>
  <date>16/05/2010</date>
  <description>Metacity Window Decoration</description>
</info>

<constant name="IconTitleSpacing" value="0"/>

<frame_geometry name="normal"  rounded_top_left="true" rounded_top_right="true" rounded_bottom_left="true" rounded_bottom_right="true" title_scale="medium">
  <distance name="left_width" value="7"/>
  <distance name="right_width" value="7"/>
  <distance name="bottom_height" value="7"/>
  <distance name="left_titlebar_edge" value="10"/>
  <distance name="right_titlebar_edge" value="10"/>
  <distance name="button_width" value="40"/>
  <distance name="button_height" value="29"/>
  <distance name="title_vertical_pad" value="0"/>
  <border name="title_border" left="10" right="20" top="0" bottom="0"/>
  <border name="button_border" left="1" right="1" top="1" bottom="1"/>
</frame_geometry>

<frame_geometry name="maximized"   rounded_top_left="true" rounded_top_right="true" rounded_bottom_left="false" rounded_bottom_right="false" title_scale="medium">
  <distance name="left_width" value="7"/>
  <distance name="right_width" value="7"/>
  <distance name="bottom_height" value="7"/>
  <distance name="left_titlebar_edge" value="10"/>
  <distance name="right_titlebar_edge" value="10"/>
  <distance name="button_width" value="40"/>
  <distance name="button_height" value="29"/>
  <distance name="title_vertical_pad" value="0"/>
  <border name="title_border" left="10" right="20" top="0" bottom="0"/>
  <border name="button_border" left="1" right="1" top="1" bottom="1"/>
</frame_geometry>

<frame_geometry name="border" parent="normal" has_title="false">
  <distance name="button_width" value="40"/>
  <distance name="button_height" value="29"/>
  <border name="title_border" left="10" right="20" top="0" bottom="0"/>
  <border name="button_border" left="1" right="1" top="1" bottom="1"/>
</frame_geometry>

<frame_geometry name="border-maximized" parent="maximized" has_title="false">
  <distance name="button_width" value="40"/>
  <distance name="button_height" value="29"/>
  <border name="title_border" left="10" right="20" top="0" bottom="0"/>
  <border name="button_border" left="1" right="1" top="1" bottom="1"/>
</frame_geometry>

<draw_ops name="title-text-focused">
  <title color="shade/green/1.00" x="2" y="8"/>
  <title color="shade/Goldenrod/1.00" x="0" y="6"/>
  <title color="shade/black/1.00" x="1" y="7"/>
</draw_ops>

<draw_ops name="title-text-unfocused">
  <title color="shade/white/1.00" x="1" y="8"/>
  <title color="shade/green/1.00" x="0" y="6"/>
  <title color="shade/black/1.00" x="2" y="7"/>
</draw_ops>

<draw_ops name="blank">
</draw_ops>

<draw_ops name="title">
  <image filename="titlebar-left-focused.png" x="0" y="0" width="object_width" height="height"/>
  <image filename="titlebar-mid-focused.png" x="40" y="0" width="width" height="height"/>
  <image filename="titlebar-right-focused.png" x="width - object_width" y="0" width="object_width" height="height"/>
</draw_ops>

<draw_ops name="title-unfocused">
  <image filename="titlebar-left-unfocused.png" x="0" y="0" width="object_width" height="height"/>
  <image filename="titlebar-mid-unfocused.png" x="40" y="0" width="width" height="height"/>
  <image filename="titlebar-right-unfocused.png" x="width - object_width" y="0" width="object_width" height="height"/>
</draw_ops>

<draw_ops name="title-maximized">
  <image filename="titlebar-left-focused.png" x="0" y="0" width="object_width" height="height"/>
  <image filename="titlebar-mid-focused.png" x="40" y="0" width="width" height="height"/>
  <image filename="titlebar-right-focused.png" x="width - object_width" y="0" width="object_width" height="height"/>
</draw_ops>

<draw_ops name="title-shaded">
  <image filename="titlebar-left-focused.png" x="0" y="0" width="object_width" height="height"/>
  <image filename="titlebar-mid-focused.png" x="40" y="0" width="width" height="height"/>
  <image filename="titlebar-right-focused.png" x="width - object_width" y="0" width="object_width" height="height"/>
</draw_ops>

<draw_ops name="title-shaded-unfocused">
  <image filename="titlebar-left-unfocused.png" x="0" y="0" width="object_width" height="height"/>
  <image filename="titlebar-mid-unfocused.png" x="40" y="0" width="width" height="height"/>
  <image filename="titlebar-right-unfocused.png" x="width - object_width" y="0" width="object_width" height="height"/>
</draw_ops>

<draw_ops name="frame-left-focused">
  <image filename="frame-left-focused.png" x="0" y="0" width="width" height="height"/>
</draw_ops>

<draw_ops name="frame-left-unfocused">
  <image filename="frame-left-unfocused.png" x="0" y="0" width="width" height="height"/>
</draw_ops>

<draw_ops name="frame-right-focused">
  <image filename="frame-right-focused.png" x="0" y="0" width="width" height="height"/>
</draw_ops>

<draw_ops name="frame-right-unfocused">
  <image filename="frame-right-unfocused.png" x="0" y="0" width="width" height="height"/>
</draw_ops>

<draw_ops name="frame-bottom-focused">
  <image filename="frame-bottom-left-focused.png" x="0" y="0" width="object_width" height="object_height"/>
  <image filename="frame-bottom-mid-focused.png" x="7" y="0" width="width" height="object_height"/>
  <image filename="frame-bottom-right-focused.png" x="width - object_width" y="0" width="object_width" height="object_height"/>
</draw_ops>

<draw_ops name="frame-bottom-unfocused">
  <image filename="frame-bottom-left-unfocused.png" x="0" y="0" width="object_width" height="object_height"/>
  <image filename="frame-bottom-mid-unfocused.png" x="7" y="0" width="width" height="object_height"/>
  <image filename="frame-bottom-right-unfocused.png" x="width - object_width" y="0" width="object_width" height="object_height"/>
</draw_ops>

<draw_ops name="button-close-focused">
  <image filename="button-close-focused.png" x="0" y="0" width="29" height="29"/>
</draw_ops>

<draw_ops name="button-close-unfocused">
  <image filename="button-close-unfocused.png" x="0" y="0" width="29" height="29"/>
</draw_ops>

<draw_ops name="button-close-pressed">
  <image filename="button-close-pressed.png" x="0" y="0" width="29" height="29"/>
</draw_ops>

<draw_ops name="button-close-pressed-unfocused">
  <image filename="button-close-pressed-unfocused.png" x="0" y="0" width="29" height="29"/>
</draw_ops>

<draw_ops name="button-close-prelight">
  <image filename="button-close-prelight.png" x="0" y="0" width="29" height="29"/>
</draw_ops>

<draw_ops name="button-close-prelight-unfocused">
  <image filename="button-close-prelight-unfocused.png" x="0" y="0" width="29" height="29"/>
</draw_ops>

<draw_ops name="button-max-focused">
  <image filename="button-max-focused.png" x="0" y="0" width="29" height="29"/>
</draw_ops>

<draw_ops name="button-max-unfocused">
  <image filename="button-max-unfocused.png" x="0" y="0" width="29" height="29"/>
</draw_ops>

<draw_ops name="button-max-pressed">
  <image filename="button-max-pressed.png" x="0" y="0" width="29" height="29"/>
</draw_ops>

<draw_ops name="button-max-prelight">
  <image filename="button-max-prelight.png" x="0" y="0" width="29" height="29"/>
</draw_ops>

<draw_ops name="button-max-pressed-unfocused">
  <image filename="button-max-pressed-unfocused.png" x="0" y="0" width="29" height="29"/>
</draw_ops>

<draw_ops name="button-max-prelight-unfocused">
  <image filename="button-max-prelight-unfocused.png" x="0" y="0" width="29" height="29"/>
</draw_ops>

<draw_ops name="button-restore-focused">
  <image filename="button-restore-focused.png" x="0" y="0" width="29" height="29"/>
</draw_ops>

<draw_ops name="button-restore-unfocused">
  <image filename="button-restore-unfocused.png" x="0" y="0" width="29" height="29"/>
</draw_ops>

<draw_ops name="button-restore-pressed">
  <image filename="button-restore-pressed.png" x="0" y="0" width="29" height="29"/>
</draw_ops>

<draw_ops name="button-restore-prelight-unfocused">
  <image filename="button-restore-prelight-unfocused.png" x="0" y="0" width="29" height="29"/>
</draw_ops>

<draw_ops name="button-restore-prelight">
  <image filename="button-restore-prelight.png" x="0" y="0" width="29" height="29"/>
</draw_ops>

<draw_ops name="button-min-focused">
  <image filename="button-min-focused.png" x="0" y="0" width="29" height="29"/>
</draw_ops>

<draw_ops name="button-min-unfocused">
  <image filename="button-min-unfocused.png" x="0" y="0" width="29" height="29"/>
</draw_ops>

<draw_ops name="button-min-pressed">
  <image filename="button-min-pressed.png" x="0" y="0" width="29" height="29"/>
</draw_ops>

<draw_ops name="button-min-prelight">
  <image filename="button-min-prelight.png" x="0" y="0" width="29" height="29"/>
</draw_ops>


<draw_ops name="button-min-pressed-unfocused">
  <image filename="button-min-pressed-unfocused.png" x="0" y="0" width="29" height="29"/>
</draw_ops>

<draw_ops name="button-min-prelight-unfocused">
  <image filename="button-min-prelight-unfocused.png" x="0" y="0" width="29" height="29"/>
</draw_ops>

<draw_ops name="button-menu-focused">
  <icon  x="(width-mini_icon_width)/2" y="(height-mini_icon_height)/2" width="mini_icon_width" height="mini_icon_height"/>
</draw_ops>

<draw_ops name="button-menu-unfocused">
  <icon  x="(width-mini_icon_width)/2" y="(height-mini_icon_height)/2" width="mini_icon_width" height="mini_icon_height"/>
</draw_ops>

<draw_ops name="button-menu-pressed">
  <icon  x="(width-mini_icon_width)/2" y="(height-mini_icon_height)/2" width="mini_icon_width" height="mini_icon_height"/>
</draw_ops>

<draw_ops name="button-menu-prelight">
  <icon  x="(width-mini_icon_width)/2" y="(height-mini_icon_height)/2" width="mini_icon_width" height="mini_icon_height"/>
</draw_ops>

<frame_style name="normal-focused" geometry="normal">
  <piece position="titlebar" draw_ops="title"/>
  <piece position="left_edge" draw_ops="frame-left-focused"/>
  <piece position="right_edge" draw_ops="frame-right-focused"/>
  <piece position="bottom_edge" draw_ops="frame-bottom-focused"/>
  <piece position="title" draw_ops="title-text-focused"/>

  <button function="close" state="normal" draw_ops="button-close-focused"/>
  <button function="close" state="prelight" draw_ops="button-close-prelight"/>
  <button function="close" state="pressed" draw_ops="button-close-pressed"/>

  <button function="minimize" state="normal" draw_ops="button-min-focused"/>
  <button function="minimize" state="prelight" draw_ops="button-min-prelight"/>
  <button function="minimize" state="pressed" draw_ops="button-min-pressed"/>

  <button function="maximize" state="normal" draw_ops="button-max-focused"/>
  <button function="maximize" state="prelight" draw_ops="button-max-prelight"/>
  <button function="maximize" state="pressed" draw_ops="button-max-pressed"/>

  <button function="menu" state="normal" draw_ops="button-menu-focused"/>
  <button function="menu" state="prelight" draw_ops="button-menu-prelight"/>
  <button function="menu" state="pressed" draw_ops="button-menu-pressed"/>
</frame_style>

<frame_style name="maximized-focused" geometry="maximized">
  <piece position="titlebar" draw_ops="title-maximized"/>
  <piece position="left_edge" draw_ops="frame-left-focused"/>
  <piece position="right_edge" draw_ops="frame-right-focused"/>
  <piece position="bottom_edge" draw_ops="frame-bottom-focused"/>
  <piece position="title" draw_ops="title-text-focused"/>

  <button function="close" state="normal" draw_ops="button-close-focused"/>
  <button function="close" state="prelight" draw_ops="button-close-prelight"/>
  <button function="close" state="pressed" draw_ops="button-close-pressed"/>

  <button function="minimize" state="normal" draw_ops="button-min-focused"/>
  <button function="minimize" state="prelight" draw_ops="button-min-prelight"/>
  <button function="minimize" state="pressed" draw_ops="button-min-pressed"/>

  <button function="maximize" state="normal" draw_ops="button-restore-focused"/>
  <button function="maximize" state="prelight" draw_ops="button-restore-prelight"/>
  <button function="maximize" state="pressed" draw_ops="button-restore-pressed"/>

  <button function="menu" state="normal" draw_ops="button-menu-focused"/>
  <button function="menu" state="prelight" draw_ops="button-menu-prelight"/>
  <button function="menu" state="pressed" draw_ops="button-menu-pressed"/>
</frame_style>

<frame_style name="normal-unfocused" geometry="normal">
  <piece position="titlebar" draw_ops="title-unfocused"/>
  <piece position="left_edge" draw_ops="frame-left-unfocused"/>
  <piece position="right_edge" draw_ops="frame-right-unfocused"/>
  <piece position="bottom_edge" draw_ops="frame-bottom-unfocused"/>
  <piece position="title" draw_ops="title-text-unfocused"/>

  <button function="close" state="normal" draw_ops="button-close-unfocused"/>
  <button function="close" state="prelight" draw_ops="button-close-prelight-unfocused"/>
  <button function="close" state="pressed" draw_ops="button-close-pressed-unfocused"/>

  <button function="minimize" state="normal" draw_ops="button-min-unfocused"/>
  <button function="minimize" state="prelight" draw_ops="button-min-prelight-unfocused"/>
  <button function="minimize" state="pressed" draw_ops="button-min-pressed-unfocused"/>

  <button function="maximize" state="normal" draw_ops="button-max-unfocused"/>
  <button function="maximize" state="prelight" draw_ops="button-max-prelight-unfocused"/>
  <button function="maximize" state="pressed" draw_ops="button-max-pressed-unfocused"/>

  <button function="menu" state="normal" draw_ops="button-menu-unfocused"/>
  <button function="menu" state="prelight" draw_ops="button-menu-prelight"/>
  <button function="menu" state="pressed" draw_ops="button-menu-pressed"/>
</frame_style>

<frame_style name="maximized-unfocused" geometry="maximized">
  <piece position="titlebar" draw_ops="title-maximized"/>
  <piece position="left_edge" draw_ops="frame-left-unfocused"/>
  <piece position="right_edge" draw_ops="frame-right-unfocused"/>
  <piece position="bottom_edge" draw_ops="frame-bottom-unfocused"/>
  <piece position="title" draw_ops="title-text-unfocused"/>

  <button function="close" state="normal" draw_ops="button-close-unfocused"/>
  <button function="close" state="prelight" draw_ops="button-close-prelight-unfocused"/>
  <button function="close" state="pressed" draw_ops="button-close-pressed"/>

  <button function="minimize" state="normal" draw_ops="button-min-unfocused"/>
  <button function="minimize" state="prelight" draw_ops="button-min-prelight-unfocused"/>
  <button function="minimize" state="pressed" draw_ops="button-min-pressed"/>

  <button function="maximize" state="normal" draw_ops="button-restore-unfocused"/>
  <button function="maximize" state="prelight" draw_ops="button-restore-prelight-unfocused"/>
  <button function="maximize" state="pressed" draw_ops="button-restore-pressed"/>

  <button function="menu" state="normal" draw_ops="button-menu-unfocused"/>
  <button function="menu" state="prelight" draw_ops="button-menu-prelight"/>
  <button function="menu" state="pressed" draw_ops="button-menu-pressed"/>
</frame_style>

<frame_style name="normal-shaded-focused" geometry="normal" parent="normal-focused">
  <piece position="titlebar" draw_ops="title-shaded"/>
  <piece position="bottom_edge" draw_ops="frame-bottom-focused"/>
</frame_style>

<frame_style name="normal-shaded-unfocused" geometry="normal" parent="normal-unfocused">
  <piece position="titlebar" draw_ops="title-shaded-unfocused"/>
  <piece position="bottom_edge" draw_ops="frame-bottom-unfocused"/>
</frame_style>

<frame_style name="maximized-shaded-focused" geometry="normal" parent="maximized-focused">
  <piece position="titlebar" draw_ops="title-shaded"/>
  <piece position="bottom_edge" draw_ops="frame-bottom-focused"/>
</frame_style>

<frame_style name="maximized-shaded-unfocused" geometry="normal" parent="maximized-unfocused">
  <piece position="titlebar" draw_ops="title-shaded-unfocused"/>
  <piece position="bottom_edge" draw_ops="frame-bottom-unfocused"/>
</frame_style>

<frame_style_set name="normal">
  <frame focus="yes" state="normal" resize="both" style="normal-focused"/>
  <frame focus="no" state="normal" resize="both" style="normal-unfocused"/>
  <frame focus="yes" state="maximized" style="maximized-focused"/>
  <frame focus="no" state="maximized" style="maximized-unfocused"/>
  <frame focus="yes" state="shaded" style="normal-shaded-focused"/>
  <frame focus="no" state="shaded" style="normal-shaded-unfocused"/>
  <frame focus="yes" state="maximized_and_shaded" style="maximized-shaded-focused"/>
  <frame focus="no" state="maximized_and_shaded" style="maximized-shaded-unfocused"/>
</frame_style_set>

<window type="normal" style_set="normal"/>
<window type="dialog" style_set="normal"/>
<window type="modal_dialog" style_set="normal"/>
<window type="menu" style_set="normal"/>
<window type="utility" style_set="normal"/>
<window type="border" style_set="normal"/>

<menu_icon function="close" state="normal" draw_ops="button-focused"/>
<menu_icon function="maximize" state="normal" draw_ops="button-focused"/>
<menu_icon function="unmaximize" state="normal" draw_ops="button-focused"/>
<menu_icon function="minimize" state="normal" draw_ops="button-focused"/>
</metacity_theme>
